{"ioi_vanilla_diff": 0.0026744066271930933, "ioi_ig_diff": 0.002671098103746772, "ioi_vanilla": 0.7816929681199314, "ioi_ig": 0.9528720256237496, "ioi_vanilla_kendall": 0.922657294355447, "ioi_ig_kendall": 0.7944718045671516, "greater-than_vanilla_diff": 0.00025472769630141556, "greater-than_ig_diff": 0.00025690984330140054, "greater-than_vanilla": 0.7086356840953352, "greater-than_ig": 0.9710682489475015, "greater-than_vanilla_kendall": 0.9578270927659601, "greater-than_ig_kendall": 0.6719500016439482, "gender-bias_vanilla_diff": 0.0012956897262483835, "gender-bias_ig_diff": 0.0012947788927704096, "gender-bias_vanilla": 0.8394458393628875, "gender-bias_ig": 0.9822613239981394, "gender-bias_vanilla_kendall": 0.9381429891425711, "gender-bias_ig_kendall": 0.605303285368933, "sva_vanilla_diff": 4.9524096539244056e-05, "sva_ig_diff": 4.9602229410083964e-05, "sva_vanilla": 0.44048692516648186, "sva_ig": 0.8843800658224963, "sva_vanilla_kendall": 0.9374426870955846, "sva_ig_kendall": 0.7742673012121268, "fact-retrieval-comma_vanilla_diff": 0.00012971590331289917, "fact-retrieval-comma_ig_diff": 0.00012991730181965977, "fact-retrieval-comma_vanilla": 0.7041815478848713, "fact-retrieval-comma_ig": 0.9626596728371268, "fact-retrieval-comma_vanilla_kendall": 0.8909551837112452, "fact-retrieval-comma_ig_kendall": 0.6492120455527332, "hypernymy-comma_vanilla_diff": 0.00533738499507308, "hypernymy-comma_ig_diff": 0.005354391410946846, "hypernymy-comma_vanilla": 0.3424675711960211, "hypernymy-comma_ig": 0.973968360736789, "hypernymy-comma_vanilla_kendall": 0.9149654567739367, "hypernymy-comma_ig_kendall": 0.7155560667988925}